group,name,module,label,metric,value
stage,scalar_core,Scalar,scalar_core,tokenize_us,5.58641
stage,scalar_core,Scalar,scalar_core,parse_us,8.2856
stage,scalar_core,Scalar,scalar_core,type_us,4.66523
stage,scalar_core,Scalar,scalar_core,lower_us,4.37874
stage,scalar_core,Scalar,scalar_core,llvm_ir_us,68.6769
stage,scalar_core,Scalar,scalar_core,parse_share_pct,9.04612
stage,scalar_core,Scalar,scalar_core,lower_share_pct,4.78066
stage,scalar_core,Scalar,scalar_core,llvm_ir_share_pct,74.9806
stage,scalar_core,Scalar,scalar_core,avg_token_arena_kib,2.25
stage,scalar_core,Scalar,scalar_core,avg_ast_arena_kib,2.39062
stage,scalar_core,Scalar,scalar_core,rss_growth_kib,12464
stage,bindings_chain,Bindings,bindings_chain,tokenize_us,4.73209
stage,bindings_chain,Bindings,bindings_chain,parse_us,7.0723
stage,bindings_chain,Bindings,bindings_chain,type_us,6.049
stage,bindings_chain,Bindings,bindings_chain,lower_us,3.46297
stage,bindings_chain,Bindings,bindings_chain,llvm_ir_us,68.2966
stage,bindings_chain,Bindings,bindings_chain,parse_share_pct,7.89205
stage,bindings_chain,Bindings,bindings_chain,lower_share_pct,3.86436
stage,bindings_chain,Bindings,bindings_chain,llvm_ir_share_pct,76.2129
stage,bindings_chain,Bindings,bindings_chain,avg_token_arena_kib,2
stage,bindings_chain,Bindings,bindings_chain,avg_ast_arena_kib,2.28125
stage,bindings_chain,Bindings,bindings_chain,rss_growth_kib,8400
stage,function_block_body,Functions,function_block_body,tokenize_us,7.34629
stage,function_block_body,Functions,function_block_body,parse_us,8.79479
stage,function_block_body,Functions,function_block_body,type_us,1.65483
stage,function_block_body,Functions,function_block_body,lower_us,3.52695
stage,function_block_body,Functions,function_block_body,llvm_ir_us,70.154
stage,function_block_body,Functions,function_block_body,parse_share_pct,9.61422
stage,function_block_body,Functions,function_block_body,lower_share_pct,3.85556
stage,function_block_body,Functions,function_block_body,llvm_ir_share_pct,76.6904
stage,function_block_body,Functions,function_block_body,avg_token_arena_kib,3.125
stage,function_block_body,Functions,function_block_body,avg_ast_arena_kib,1.95312
stage,function_block_body,Functions,function_block_body,rss_growth_kib,7760
stage,control_match,ControlFlow,control_match,tokenize_us,40.1872
stage,control_match,ControlFlow,control_match,parse_us,35.9899
stage,control_match,ControlFlow,control_match,type_us,5.19381
stage,control_match,ControlFlow,control_match,lower_us,10.2607
stage,control_match,ControlFlow,control_match,llvm_ir_us,121.981
stage,control_match,ControlFlow,control_match,parse_share_pct,16.8482
stage,control_match,ControlFlow,control_match,lower_share_pct,4.8034
stage,control_match,ControlFlow,control_match,llvm_ir_share_pct,57.1039
stage,control_match,ControlFlow,control_match,avg_token_arena_kib,22.0625
stage,control_match,ControlFlow,control_match,avg_ast_arena_kib,5.3125
stage,control_match,ControlFlow,control_match,rss_growth_kib,19088
stage,dict_heavy,Collections,dict_heavy,tokenize_us,11.6694
stage,dict_heavy,Collections,dict_heavy,parse_us,16.5364
stage,dict_heavy,Collections,dict_heavy,type_us,8.75664
stage,dict_heavy,Collections,dict_heavy,lower_us,12.459
stage,dict_heavy,Collections,dict_heavy,llvm_ir_us,206.442
stage,dict_heavy,Collections,dict_heavy,parse_share_pct,6.46296
stage,dict_heavy,Collections,dict_heavy,lower_share_pct,4.86939
stage,dict_heavy,Collections,dict_heavy,llvm_ir_share_pct,80.6845
stage,dict_heavy,Collections,dict_heavy,avg_token_arena_kib,4.6875
stage,dict_heavy,Collections,dict_heavy,avg_ast_arena_kib,4.0625
stage,dict_heavy,Collections,dict_heavy,rss_growth_kib,16320
stage,resource_file_io,Resources,resource_file_io,tokenize_us,6.25448
stage,resource_file_io,Resources,resource_file_io,parse_us,6.46326
stage,resource_file_io,Resources,resource_file_io,type_us,3.24173
stage,resource_file_io,Resources,resource_file_io,lower_us,3.14278
stage,resource_file_io,Resources,resource_file_io,llvm_ir_us,65.5308
stage,resource_file_io,Resources,resource_file_io,parse_share_pct,7.63679
stage,resource_file_io,Resources,resource_file_io,lower_share_pct,3.71341
stage,resource_file_io,Resources,resource_file_io,llvm_ir_share_pct,77.4293
stage,resource_file_io,Resources,resource_file_io,avg_token_arena_kib,2.1875
stage,resource_file_io,Resources,resource_file_io,avg_ast_arena_kib,1.46875
stage,resource_file_io,Resources,resource_file_io,rss_growth_kib,2512
stage,stdin_transform,Streams,stdin_transform,tokenize_us,9.09739
stage,stdin_transform,Streams,stdin_transform,parse_us,8.97745
stage,stdin_transform,Streams,stdin_transform,type_us,2.97432
stage,stdin_transform,Streams,stdin_transform,lower_us,4.12518
stage,stdin_transform,Streams,stdin_transform,llvm_ir_us,80.3487
stage,stdin_transform,Streams,stdin_transform,parse_share_pct,8.50757
stage,stdin_transform,Streams,stdin_transform,lower_share_pct,3.90927
stage,stdin_transform,Streams,stdin_transform,llvm_ir_share_pct,76.1433
stage,stdin_transform,Streams,stdin_transform,avg_token_arena_kib,3.3125
stage,stdin_transform,Streams,stdin_transform,avg_ast_arena_kib,1.96875
stage,stdin_transform,Streams,stdin_transform,rss_growth_kib,6848
stage,stream_zip_files,Streams,stream_zip_files,tokenize_us,8.56652
stage,stream_zip_files,Streams,stream_zip_files,parse_us,6.81677
stage,stream_zip_files,Streams,stream_zip_files,type_us,3.80058
stage,stream_zip_files,Streams,stream_zip_files,lower_us,4.39511
stage,stream_zip_files,Streams,stream_zip_files,llvm_ir_us,93.2229
stage,stream_zip_files,Streams,stream_zip_files,parse_share_pct,5.83619
stage,stream_zip_files,Streams,stream_zip_files,lower_share_pct,3.76288
stage,stream_zip_files,Streams,stream_zip_files,llvm_ir_share_pct,79.8128
stage,stream_zip_files,Streams,stream_zip_files,avg_token_arena_kib,3
stage,stream_zip_files,Streams,stream_zip_files,avg_ast_arena_kib,1.70312
stage,stream_zip_files,Streams,stream_zip_files,rss_growth_kib,4264
stage,snapshot_state,StateAndSeries,snapshot_state,tokenize_us,11.1678
stage,snapshot_state,StateAndSeries,snapshot_state,parse_us,12.5512
stage,snapshot_state,StateAndSeries,snapshot_state,type_us,6.69352
stage,snapshot_state,StateAndSeries,snapshot_state,lower_us,5.7051
stage,snapshot_state,StateAndSeries,snapshot_state,llvm_ir_us,94.6857
stage,snapshot_state,StateAndSeries,snapshot_state,parse_share_pct,9.59545
stage,snapshot_state,StateAndSeries,snapshot_state,lower_share_pct,4.36159
stage,snapshot_state,StateAndSeries,snapshot_state,llvm_ir_share_pct,72.3879
stage,snapshot_state,StateAndSeries,snapshot_state,avg_token_arena_kib,4.5625
stage,snapshot_state,StateAndSeries,snapshot_state,avg_ast_arena_kib,3.21875
stage,snapshot_state,StateAndSeries,snapshot_state,rss_growth_kib,10456
stage,series_window_avg,StateAndSeries,series_window_avg,tokenize_us,8.38899
stage,series_window_avg,StateAndSeries,series_window_avg,parse_us,9.68224
stage,series_window_avg,StateAndSeries,series_window_avg,type_us,3.94244
stage,series_window_avg,StateAndSeries,series_window_avg,lower_us,4.39792
stage,series_window_avg,StateAndSeries,series_window_avg,llvm_ir_us,140.098
stage,series_window_avg,StateAndSeries,series_window_avg,parse_share_pct,5.81483
stage,series_window_avg,StateAndSeries,series_window_avg,lower_share_pct,2.64125
stage,series_window_avg,StateAndSeries,series_window_avg,llvm_ir_share_pct,84.1381
stage,series_window_avg,StateAndSeries,series_window_avg,avg_token_arena_kib,3.5625
stage,series_window_avg,StateAndSeries,series_window_avg,avg_ast_arena_kib,2.03125
stage,series_window_avg,StateAndSeries,series_window_avg,rss_growth_kib,8256
stage,topology_ring,Topology,topology_ring,tokenize_us,3.19501
stage,topology_ring,Topology,topology_ring,parse_us,4.05447
stage,topology_ring,Topology,topology_ring,type_us,1.72261
stage,topology_ring,Topology,topology_ring,lower_us,1.63981
stage,topology_ring,Topology,topology_ring,llvm_ir_us,65.4137
stage,topology_ring,Topology,topology_ring,parse_share_pct,5.33303
stage,topology_ring,Topology,topology_ring,lower_share_pct,2.15692
stage,topology_ring,Topology,topology_ring,llvm_ir_share_pct,86.0417
stage,topology_ring,Topology,topology_ring,avg_token_arena_kib,1.125
stage,topology_ring,Topology,topology_ring,avg_ast_arena_kib,0.71875
stage,topology_ring,Topology,topology_ring,rss_growth_kib,2304
stage,state_pulse_inline,StateAndSeries,state_pulse_inline,tokenize_us,11.0366
stage,state_pulse_inline,StateAndSeries,state_pulse_inline,parse_us,13.7023
stage,state_pulse_inline,StateAndSeries,state_pulse_inline,type_us,3.9152
stage,state_pulse_inline,StateAndSeries,state_pulse_inline,lower_us,8.12486
stage,state_pulse_inline,StateAndSeries,state_pulse_inline,llvm_ir_us,99.4709
stage,state_pulse_inline,StateAndSeries,state_pulse_inline,parse_share_pct,10.0567
stage,state_pulse_inline,StateAndSeries,state_pulse_inline,lower_share_pct,5.9632
stage,state_pulse_inline,StateAndSeries,state_pulse_inline,llvm_ir_share_pct,73.0063
stage,state_pulse_inline,StateAndSeries,state_pulse_inline,avg_token_arena_kib,4.8125
stage,state_pulse_inline,StateAndSeries,state_pulse_inline,avg_ast_arena_kib,4.07812
stage,state_pulse_inline,StateAndSeries,state_pulse_inline,rss_growth_kib,12060
stage,mixed_full_pipeline,Mixed,mixed_full_pipeline,tokenize_us,8.68436
stage,mixed_full_pipeline,Mixed,mixed_full_pipeline,parse_us,6.22807
stage,mixed_full_pipeline,Mixed,mixed_full_pipeline,type_us,4.15173
stage,mixed_full_pipeline,Mixed,mixed_full_pipeline,lower_us,3.45988
stage,mixed_full_pipeline,Mixed,mixed_full_pipeline,llvm_ir_us,80.2546
stage,mixed_full_pipeline,Mixed,mixed_full_pipeline,parse_share_pct,6.05969
stage,mixed_full_pipeline,Mixed,mixed_full_pipeline,lower_share_pct,3.36634
stage,mixed_full_pipeline,Mixed,mixed_full_pipeline,llvm_ir_share_pct,78.0849
stage,mixed_full_pipeline,Mixed,mixed_full_pipeline,avg_token_arena_kib,3
stage,mixed_full_pipeline,Mixed,mixed_full_pipeline,avg_ast_arena_kib,1.73438
stage,mixed_full_pipeline,Mixed,mixed_full_pipeline,rss_growth_kib,5748
micro,lexer.long_identifiers,Lexer,lexer_long_identifiers,focus_us,1071.53
micro,lexer.long_identifiers,Lexer,lexer_long_identifiers,avg_tokens,3073
micro,lexer.long_identifiers,Lexer,lexer_long_identifiers,avg_token_arena_kib,192.062
micro,lexer.long_identifiers,Lexer,lexer_long_identifiers,avg_ast_arena_kib,0
micro,lexer.long_identifiers,Lexer,lexer_long_identifiers,rss_growth_kib,1424
micro,lexer.mixed_trivia,Lexer,lexer_mixed_trivia,focus_us,1611.61
micro,lexer.mixed_trivia,Lexer,lexer_mixed_trivia,avg_tokens,11393
micro,lexer.mixed_trivia,Lexer,lexer_mixed_trivia,avg_token_arena_kib,712.062
micro,lexer.mixed_trivia,Lexer,lexer_mixed_trivia,avg_ast_arena_kib,0
micro,lexer.mixed_trivia,Lexer,lexer_mixed_trivia,rss_growth_kib,668
micro,parser.expr_scalar_chain,Scalar,parser_expr_scalar_chain,focus_us,576.541
micro,parser.expr_scalar_chain,Scalar,parser_expr_scalar_chain,avg_tokens,3852
micro,parser.expr_scalar_chain,Scalar,parser_expr_scalar_chain,avg_token_arena_kib,240.75
micro,parser.expr_scalar_chain,Scalar,parser_expr_scalar_chain,avg_ast_arena_kib,264.719
micro,parser.expr_scalar_chain,Scalar,parser_expr_scalar_chain,rss_growth_kib,320
micro,parser.function_block_body,Functions,function_block_body,focus_us,8.00806
micro,parser.function_block_body,Functions,function_block_body,avg_tokens,50
micro,parser.function_block_body,Functions,function_block_body,avg_token_arena_kib,3.125
micro,parser.function_block_body,Functions,function_block_body,avg_ast_arena_kib,1.95312
micro,parser.function_block_body,Functions,function_block_body,rss_growth_kib,0
micro,parser.match_cases,ControlFlow,parser_match_cases,focus_us,9.08179
micro,parser.match_cases,ControlFlow,parser_match_cases,avg_tokens,60
micro,parser.match_cases,ControlFlow,parser_match_cases,avg_token_arena_kib,3.75
micro,parser.match_cases,ControlFlow,parser_match_cases,avg_ast_arena_kib,2.1875
micro,parser.match_cases,ControlFlow,parser_match_cases,rss_growth_kib,0
micro,parser.iterator_resource_postfix,Resources,parser_iterator_resource_postfix,focus_us,5.85359
micro,parser.iterator_resource_postfix,Resources,parser_iterator_resource_postfix,avg_tokens,35
micro,parser.iterator_resource_postfix,Resources,parser_iterator_resource_postfix,avg_token_arena_kib,2.1875
micro,parser.iterator_resource_postfix,Resources,parser_iterator_resource_postfix,avg_ast_arena_kib,1.46875
micro,parser.iterator_resource_postfix,Resources,parser_iterator_resource_postfix,rss_growth_kib,0
micro,type.dict_heavy,Collections,dict_heavy,focus_us,8.20977
micro,type.dict_heavy,Collections,dict_heavy,avg_tokens,75
micro,type.dict_heavy,Collections,dict_heavy,avg_token_arena_kib,4.6875
micro,type.dict_heavy,Collections,dict_heavy,avg_ast_arena_kib,3.76562
micro,type.dict_heavy,Collections,dict_heavy,rss_growth_kib,0
micro,type.snapshot_state,StateAndSeries,snapshot_state,focus_us,6.22668
micro,type.snapshot_state,StateAndSeries,snapshot_state,avg_tokens,73
micro,type.snapshot_state,StateAndSeries,snapshot_state,avg_token_arena_kib,4.5625
micro,type.snapshot_state,StateAndSeries,snapshot_state,avg_ast_arena_kib,3.21875
micro,type.snapshot_state,StateAndSeries,snapshot_state,rss_growth_kib,16
micro,lower.stream_zip,Streams,stream_zip_files,focus_us,4.03129
micro,lower.stream_zip,Streams,stream_zip_files,avg_tokens,48
micro,lower.stream_zip,Streams,stream_zip_files,avg_token_arena_kib,3
micro,lower.stream_zip,Streams,stream_zip_files,avg_ast_arena_kib,1.70312
micro,lower.stream_zip,Streams,stream_zip_files,rss_growth_kib,3880
micro,lower.resource_io,Resources,resource_file_io,focus_us,2.96915
micro,lower.resource_io,Resources,resource_file_io,avg_tokens,35
micro,lower.resource_io,Resources,resource_file_io,avg_token_arena_kib,2.1875
micro,lower.resource_io,Resources,resource_file_io,avg_ast_arena_kib,1.46875
micro,lower.resource_io,Resources,resource_file_io,rss_growth_kib,2592
micro,lower.state_pulse,StateAndSeries,state_pulse_inline_lower,focus_us,8.02516
micro,lower.state_pulse,StateAndSeries,state_pulse_inline_lower,avg_tokens,77
micro,lower.state_pulse,StateAndSeries,state_pulse_inline_lower,avg_token_arena_kib,4.8125
micro,lower.state_pulse,StateAndSeries,state_pulse_inline_lower,avg_ast_arena_kib,3.14062
micro,lower.state_pulse,StateAndSeries,state_pulse_inline_lower,rss_growth_kib,11952
micro,llvm.scalar_ir,Scalar,scalar_core,focus_us,67.6754
micro,llvm.scalar_ir,Scalar,scalar_core,avg_tokens,36
micro,llvm.scalar_ir,Scalar,scalar_core,avg_token_arena_kib,2.25
micro,llvm.scalar_ir,Scalar,scalar_core,avg_ast_arena_kib,2.39062
micro,llvm.scalar_ir,Scalar,scalar_core,rss_growth_kib,10832
micro,llvm.resource_ir,Resources,resource_file_io_llvm,focus_us,65.1212
micro,llvm.resource_ir,Resources,resource_file_io_llvm,avg_tokens,35
micro,llvm.resource_ir,Resources,resource_file_io_llvm,avg_token_arena_kib,2.1875
micro,llvm.resource_ir,Resources,resource_file_io_llvm,avg_ast_arena_kib,1.46875
micro,llvm.resource_ir,Resources,resource_file_io_llvm,rss_growth_kib,2576
micro,llvm.state_ir,StateAndSeries,state_pulse_inline_llvm,focus_us,99.0484
micro,llvm.state_ir,StateAndSeries,state_pulse_inline_llvm,avg_tokens,77
micro,llvm.state_ir,StateAndSeries,state_pulse_inline_llvm,avg_token_arena_kib,4.8125
micro,llvm.state_ir,StateAndSeries,state_pulse_inline_llvm,avg_ast_arena_kib,3.14062
micro,llvm.state_ir,StateAndSeries,state_pulse_inline_llvm,rss_growth_kib,12128
full_stack,scalar_core,Scalar,scalar_core,cli_wall_us,5286.46
full_stack,bindings_chain,Bindings,bindings_chain,cli_wall_us,4405.36
full_stack,function_block_body,Functions,function_block_body,cli_wall_us,4799.16
full_stack,control_match,ControlFlow,control_match,cli_wall_us,5698.61
full_stack,dict_heavy,Collections,dict_heavy,cli_wall_us,6400.11
full_stack,resource_file_io,Resources,resource_file_io,cli_wall_us,4654.23
full_stack,stdin_transform,Streams,stdin_transform,cli_wall_us,5024.71
full_stack,stream_zip_files,Streams,stream_zip_files,cli_wall_us,5244.54
full_stack,snapshot_state,StateAndSeries,snapshot_state,cli_wall_us,6021.48
full_stack,series_window_avg,StateAndSeries,series_window_avg,cli_wall_us,6683.6
full_stack,topology_ring,Topology,topology_ring,cli_wall_us,4421.11
full_stack,state_pulse_inline,StateAndSeries,state_pulse_inline,cli_wall_us,5620.53
error,lex.unterminated_block_comment,,lex_unterminated_block_comment,error_us,2792.01
error,lex.unterminated_block_comment,,lex_unterminated_block_comment,exit_code,2
error,lex.unterminated_block_comment,,lex_unterminated_block_comment,avg_diag_bytes,180
error,parse.empty_match_cases,,parse_empty_match_cases,error_us,2937.52
error,parse.empty_match_cases,,parse_empty_match_cases,exit_code,3
error,parse.empty_match_cases,,parse_empty_match_cases,avg_diag_bytes,172
error,type.final_then_flex_i64,,type_final_then_flex_i64,error_us,3168.22
error,type.final_then_flex_i64,,type_final_then_flex_i64,exit_code,4
error,type.final_then_flex_i64,,type_final_then_flex_i64,avg_diag_bytes,309
error,runtime.read_missing_file,,runtime_read_missing_file,error_us,4593.7
error,runtime.read_missing_file,,runtime_read_missing_file,exit_code,5
error,runtime.read_missing_file,,runtime_read_missing_file,avg_diag_bytes,252
