language,runtime,status,workload,metric,value
styio,styio_task_scheduler,ok,sleep,tasks,4
styio,styio_task_scheduler,ok,sleep,sleep_ms,160
styio,styio_task_scheduler,ok,sleep,sequential_ms,652.0
styio,styio_task_scheduler,ok,sleep,parallel_ms,165.0
styio,styio_task_scheduler,ok,sleep,speedup,3.9515151515151516
styio,styio_task_scheduler,ok,noop,tasks,100000
styio,styio_task_scheduler,ok,noop,total_us,56860.0
styio,styio_task_scheduler,ok,noop,per_task_us,0.5686
styio,styio_task_scheduler,ok,relative,sleep_speedup,0.9802680113928187
styio,styio_task_scheduler,ok,relative,noop_fanout,0.5724938445304256
styio,styio_task_scheduler,ok,relative,sleep_vs_cpp_stackless,0.9802680113928187
styio,styio_task_scheduler,ok,relative,noop_vs_cpp_stackless,1.0018114667604643
styio,styio_task_scheduler,ok,summary,sample_count,5
cpp,cpp_stackless_coroutine,ok,sleep,tasks,4
cpp,cpp_stackless_coroutine,ok,sleep,sleep_ms,160
cpp,cpp_stackless_coroutine,ok,sleep,sequential_ms,649.0
cpp,cpp_stackless_coroutine,ok,sleep,parallel_ms,161.0
cpp,cpp_stackless_coroutine,ok,sleep,speedup,4.031055900621118
cpp,cpp_stackless_coroutine,ok,noop,tasks,100000
cpp,cpp_stackless_coroutine,ok,noop,total_us,56963.0
cpp,cpp_stackless_coroutine,ok,noop,per_task_us,0.56963
cpp,cpp_stackless_coroutine,ok,relative,sleep_speedup,1.0
cpp,cpp_stackless_coroutine,ok,relative,noop_fanout,0.5714586661517125
cpp,cpp_stackless_coroutine,ok,relative,sleep_vs_cpp_stackless,1.0
cpp,cpp_stackless_coroutine,ok,relative,noop_vs_cpp_stackless,1.0
cpp,cpp_stackless_coroutine,ok,summary,sample_count,5
go,goroutine,ok,sleep,tasks,4
go,goroutine,ok,sleep,sleep_ms,160
go,goroutine,ok,sleep,sequential_ms,647.0
go,goroutine,ok,sleep,parallel_ms,161.0
go,goroutine,ok,sleep,speedup,4.0186335403726705
go,goroutine,ok,noop,tasks,100000
go,goroutine,ok,noop,total_us,34107.0
go,goroutine,ok,noop,per_task_us,0.34107
go,goroutine,ok,relative,sleep_speedup,0.9969183359013866
go,goroutine,ok,relative,noop_fanout,0.9544081860028732
go,goroutine,ok,relative,sleep_vs_cpp_stackless,0.9969183359013866
go,goroutine,ok,relative,noop_vs_cpp_stackless,1.6701263670214326
go,goroutine,ok,summary,sample_count,5
rust,tokio_multi_thread,ok,sleep,tasks,4
rust,tokio_multi_thread,ok,sleep,sleep_ms,160
rust,tokio_multi_thread,ok,sleep,sequential_ms,649.0
rust,tokio_multi_thread,ok,sleep,parallel_ms,164.0
rust,tokio_multi_thread,ok,sleep,speedup,3.957317073170732
rust,tokio_multi_thread,ok,noop,tasks,100000
rust,tokio_multi_thread,ok,noop,total_us,32552.0
rust,tokio_multi_thread,ok,noop,per_task_us,0.32552
rust,tokio_multi_thread,ok,relative,sleep_speedup,0.9817073170731707
rust,tokio_multi_thread,ok,relative,noop_fanout,1.0
rust,tokio_multi_thread,ok,relative,sleep_vs_cpp_stackless,0.9817073170731707
rust,tokio_multi_thread,ok,relative,noop_vs_cpp_stackless,1.74990783976407
rust,tokio_multi_thread,ok,summary,sample_count,5
